,Department_Name,State,County,Ori,Agg_Assult,Sex_Offences,Manslaughter_Neg,Murder_and_Nonneg_Man,Rape,Robbery,Simp_Assult,Humman_Trafficking_Commercial_SA,Humman_Trafficking_Invol_Ser,Offences_Total
0,Alameda County Sheriff's Office,CA,ALAMEDA,CA0010000,353,20,1,4,7,71,384,0,0,840
1,Alameda Police Department,CA,ALAMEDA,CA0010100,90,12,0,0,1,18,197,0,0,318
2,Albany Police Department,CA,ALAMEDA,CA0010200,18,3,0,0,3,4,26,0,0,54
3,Berkeley Police Department,CA,ALAMEDA,CA0010300,194,28,0,2,6,99,211,0,0,540
4,Emeryville Police Department,CA,ALAMEDA,CA0010400,38,3,0,0,4,22,75,0,0,142
5,Fremont Police Department,CA,ALAMEDA,CA0010500,160,27,0,4,6,87,179,0,0,463
6,Hayward Police Department,CA,ALAMEDA,CA0010600,247,36,0,0,3,31,307,0,0,624
7,Livermore Police Department,CA,ALAMEDA,CA0010700,147,14,0,1,1,10,208,0,0,381
8,Newark Police Department,CA,ALAMEDA,CA0010800,44,3,0,1,1,11,81,0,0,141
9,Oakland Police Department,CA,ALAMEDA,CA0010900,934,68,1,37,28,347,1871,0,0,3286
10,Piedmont Police Department,CA,ALAMEDA,CA0011000,0,0,0,0,0,2,6,0,0,8
11,Pleasanton Police Department,CA,ALAMEDA,CA0011100,46,9,0,0,0,20,86,0,0,161
12,San Leandro Police Department,CA,ALAMEDA,CA0011200,161,19,0,1,2,87,163,0,0,433
13,Union City Police Department,CA,ALAMEDA,CA0011300,122,8,0,0,1,39,93,0,0,263
14,East Bay Regional Parks: Alameda County,CA,ALAMEDA,CA0011400,16,5,0,0,0,2,17,0,0,40
15,California State University: East Bay,CA,ALAMEDA,CA0011500,2,0,0,0,0,0,0,0,0,2
16,Union Pacific Railroad: Alameda County,CA,ALAMEDA,CA0011600,N/A,N/A,N/A,N/A,N/A,N/A,N/A,N/A,N/A,N/A
17,San Francisco Bay Area Rapid Transit: Alameda County,CA,ALAMEDA,CA0012100,46,19,0,2,1,55,214,0,0,337
18,Dublin Police Department,CA,ALAMEDA,CA001300X,79,7,0,1,0,19,79,0,0,185
19,University of California: Berkeley,CA,ALAMEDA,CA0019700,9,4,0,0,0,7,47,0,0,67
20,Highway Patrol: Alameda County,CA,ALAMEDA,CA0019900,30,3,2,0,0,2,60,0,0,97
21,Alpine County Sheriff's Office,CA,ALPINE,CA0020000,7,1,0,0,2,0,10,0,0,20
22,Highway Patrol: Alpine County,CA,ALPINE,CA0029900,2,0,0,0,0,0,0,0,0,2
23,Amador County Sheriff's Office,CA,AMADOR,CA0030000,54,0,1,1,0,5,29,0,0,90
24,Ione Police Department,CA,AMADOR,CA0030200,8,1,0,0,1,0,11,0,0,21
25,Jackson Police Department,CA,AMADOR,CA0030300,19,0,0,0,0,0,6,0,0,25
26,Sutter Creek Police Department,CA,AMADOR,CA0030500,4,0,0,0,0,0,4,0,0,8
27,Union Pacific Railroad: Amador County,CA,AMADOR,CA0030600,N/A,N/A,N/A,N/A,N/A,N/A,N/A,N/A,N/A,N/A
28,Highway Patrol: Amador County,CA,AMADOR,CA0039900,1,0,1,0,0,0,2,0,0,4
29,Butte County Sheriff's Office,CA,BUTTE,CA0040000,265,32,0,2,3,12,186,0,0,500
30,Biggs Police Department,CA,BUTTE,CA0040100,1,0,0,0,0,0,5,0,0,6
31,Chico Police Department,CA,BUTTE,CA0040200,234,28,1,0,9,31,432,0,0,735
32,Gridley Police Department,CA,BUTTE,CA0040300,11,2,0,0,0,3,32,0,0,48
33,Oroville Police Department,CA,BUTTE,CA0040400,71,16,0,2,2,12,120,0,0,223
34,Paradise Police Department,CA,BUTTE,CA0040500,13,2,0,0,0,1,14,0,0,30
35,Union Pacific Railroad: Butte County,CA,BUTTE,CA0040600,N/A,N/A,N/A,N/A,N/A,N/A,N/A,N/A,N/A,N/A
36,Department of Parks and Recreation: Northern Buttes,CA,BUTTE,CA0040700,4,0,0,0,0,0,3,0,0,7
37,California State University: Chico,CA,BUTTE,CA0049700,0,0,0,0,0,2,9,0,0,11
38,Highway Patrol: Butte County,CA,BUTTE,CA0049900,8,0,1,1,0,0,4,0,0,14
39,Calaveras County Sheriff's Office,CA,CALAVERAS,CA0050000,114,12,0,0,4,5,110,0,0,245
40,City of Angels Police Department,CA,CALAVERAS,CA0050100,9,3,0,0,0,0,13,0,0,25
41,Union Pacific Railroad: Calaveras County,CA,CALAVERAS,CA0050200,N/A,N/A,N/A,N/A,N/A,N/A,N/A,N/A,N/A,N/A
42,Department of Parks and Recreation: Calaveras County,CA,CALAVERAS,CA0050300,0,0,0,0,0,0,0,0,0,0
43,Highway Patrol: Calaveras County,CA,CALAVERAS,CA0059900,1,0,1,0,0,0,1,0,0,3
44,Colusa County Sheriff's Office,CA,COLUSA,CA0060000,23,1,0,0,0,1,37,0,0,62
45,Colusa Police Department,CA,COLUSA,CA0060100,15,1,0,0,0,0,30,0,0,46
46,Williams Police Department,CA,COLUSA,CA0060200,15,2,0,0,1,1,15,0,0,34
47,Union Pacific Railroad: Colusa County,CA,COLUSA,CA0060300,N/A,N/A,N/A,N/A,N/A,N/A,N/A,N/A,N/A,N/A
48,Highway Patrol: Colusa County,CA,COLUSA,CA0069900,2,0,1,0,0,0,2,0,0,5
49,Contra Costa County Sheriff's Office,CA,CONTRA COSTA,CA0070000,437,62,4,61,23,104,409,0,0,1100
50,Antioch Police Department,CA,CONTRA COSTA,CA0070100,247,46,1,25,10,102,399,0,0,830
51,Brentwood Police Department,CA,CONTRA COSTA,CA0070200,47,4,0,0,3,26,173,0,0,253
52,Clayton Police Department,CA,CONTRA COSTA,CA0070300,0,0,0,0,0,0,4,0,0,4
53,Concord Police Department,CA,CONTRA COSTA,CA0070400,210,29,0,3,5,66,274,0,0,587
54,El Cerrito Police Department,CA,CONTRA COSTA,CA0070500,25,4,0,1,1,15,40,0,0,86
55,Hercules Police Department,CA,CONTRA COSTA,CA0070600,26,1,0,0,0,3,18,0,0,48
56,Pinole Police Department,CA,CONTRA COSTA,CA0070700,21,1,0,0,1,4,25,0,0,52
57,Pittsburg Police Department,CA,CONTRA COSTA,CA0070800,228,23,1,5,3,52,266,0,0,578
58,Pleasant Hill Police Department,CA,CONTRA COSTA,CA0070900,28,5,0,1,1,19,78,0,0,132
59,Richmond Police Department,CA,CONTRA COSTA,CA0071000,330,17,0,3,5,67,265,0,0,687
60,San Pablo Police Department,CA,CONTRA COSTA,CA0071100,142,15,0,2,0,57,117,0,0,333
61,Walnut Creek Police Department,CA,CONTRA COSTA,CA0071200,42,11,0,1,2,8,76,0,0,140
62,Kensington Police Department,CA,CONTRA COSTA,CA0071300,1,0,0,0,0,0,1,0,0,2
63,Martinez Police Department,CA,CONTRA COSTA,CA0071400,22,3,0,0,2,8,59,0,0,94
64,Lafayette Police Department,CA,CONTRA COSTA,CA0071500,5,1,0,0,0,1,8,0,0,15
65,Moraga Police Department,CA,CONTRA COSTA,CA0071600,4,0,0,0,0,7,3,0,0,14
66,San Francisco Bay Area Rapid Transit: Contra Costa County,CA,CONTRA COSTA,CA0071800,27,11,0,0,1,12,52,0,0,103
67,Contra Costa Community College,CA,CONTRA COSTA,CA0072100,0,2,0,0,0,0,4,0,0,6
68,Danville Police Department,CA,CONTRA COSTA,CA007230X,15,3,0,0,0,0,21,0,0,39
69,San Ramon Police Department,CA,CONTRA COSTA,CA007240X,35,3,0,0,1,4,65,0,0,108
70,Orinda Police Department,CA,CONTRA COSTA,CA007260X,2,0,0,0,0,0,4,0,0,6
71,Union Pacific Railroad: Contra Costa County,CA,CONTRA COSTA,CA0073300,0,0,0,0,0,0,0,0,0,0
72,Oakley Police Department,CA,CONTRA COSTA,CA007340X,29,7,0,0,1,4,62,0,0,103
73,Highway Patrol: Contra Costa County,CA,CONTRA COSTA,CA0079900,14,2,0,0,0,0,31,0,0,47
74,Del Norte County Sheriff's Office,CA,DEL NORTE,CA0080000,75,5,0,1,1,2,79,0,0,163
75,Crescent City Police Department,CA,DEL NORTE,CA0080100,35,8,0,0,0,6,57,0,0,106
76,Highway Patrol: Del Norte County,CA,DEL NORTE,CA008980X,4,0,0,0,0,0,3,0,0,7
77,El Dorado County Sheriff's Office,CA,EL DORADO,CA0090000,293,18,1,8,5,16,266,0,0,607
78,Placerville Police Department,CA,EL DORADO,CA0090100,39,2,0,0,1,4,37,0,0,83
79,South Lake Tahoe Police Department,CA,EL DORADO,CA0090200,127,12,0,1,3,12,110,0,0,265
80,Union Pacific Railroad: El Dorado County,CA,EL DORADO,CA009030X,N/A,N/A,N/A,N/A,N/A,N/A,N/A,N/A,N/A,N/A
81,Highway Patrol: El Dorado County,CA,EL DORADO,CA0099900,7,0,1,0,0,0,6,0,0,14
82,Fresno County Sheriff's Office,CA,FRESNO,CA0100000,569,42,0,9,9,48,430,0,0,1107
83,Clovis Police Department,CA,FRESNO,CA0100100,232,24,0,0,9,23,285,0,0,573
84,Coalinga Police Department,CA,FRESNO,CA0100200,22,2,0,0,0,0,37,0,0,61
85,Firebaugh Police Department,CA,FRESNO,CA0100300,19,3,0,0,1,2,12,0,0,37
86,Fowler Police Department,CA,FRESNO,CA0100400,19,2,0,0,1,2,19,0,0,43
87,Fresno Police Department,CA,FRESNO,CA0100500,N/A,N/A,N/A,N/A,N/A,N/A,N/A,N/A,N/A,N/A
88,Huron Police Department,CA,FRESNO,CA0100600,36,9,0,0,0,8,55,0,0,108
89,Kerman Police Department,CA,FRESNO,CA0100700,35,1,0,0,1,2,34,0,0,73
90,Kingsburg Police Department,CA,FRESNO,CA0100800,32,1,0,0,0,2,18,0,0,53
91,Mendota Police Department,CA,FRESNO,CA0100900,59,4,0,0,1,5,33,0,0,102
92,Orange Cove Police Department,CA,FRESNO,CA0101000,35,4,0,0,1,3,20,0,0,63
93,Parlier Police Department,CA,FRESNO,CA0101100,52,5,0,0,0,6,63,0,0,126
94,Reedley Police Department,CA,FRESNO,CA0101200,87,10,0,0,1,8,92,0,0,198
95,Sanger Police Department,CA,FRESNO,CA0101300,77,6,0,0,0,13,93,0,0,189
96,Selma Police Department,CA,FRESNO,CA0101500,63,7,0,0,2,14,104,0,0,190
97,State Center Community College District,CA,FRESNO,CA0101700,3,7,0,0,0,0,15,0,0,25
98,Union Pacific Railroad: Fresno County,CA,FRESNO,CA0102400,0,0,0,0,0,0,0,0,0,0
99,Department of Parks and Recreation: San Joaquin,CA,FRESNO,CA0103000,1,0,0,0,0,0,3,0,0,4
100,Clovis Unified School District,CA,FRESNO,CA010440X,N/A,N/A,N/A,N/A,N/A,N/A,N/A,N/A,N/A,N/A
101,California State University: Fresno,CA,FRESNO,CA0109700,5,0,0,0,0,1,12,0,0,18
102,Highway Patrol: Fresno County,CA,FRESNO,CA0109900,1,0,0,0,0,0,2,0,0,3
103,Coalinga State Hospital,CA,FRESNO,CA010M15M,3,3,0,0,0,0,0,0,0,6
104,Glenn County Sheriff's Office,CA,GLENN,CA0110000,76,15,2,0,1,5,75,0,0,174
105,Orland Police Department,CA,GLENN,CA0110100,12,1,0,0,0,1,29,0,0,43
106,Union Pacific Railroad: Glenn County,CA,GLENN,CA011030X,N/A,N/A,N/A,N/A,N/A,N/A,N/A,N/A,N/A,N/A
107,Highway Patrol: Glenn County,CA,GLENN,CA0119900,1,0,0,0,0,0,4,0,0,5
108,Humboldt County Sheriff's Office,CA,HUMBOLDT,CA0120000,143,11,0,1,1,17,245,0,0,418
109,Arcata Police Department,CA,HUMBOLDT,CA0120100,47,6,0,1,0,9,68,0,0,131
110,Eureka Police Department,CA,HUMBOLDT,CA0120300,158,32,0,4,1,30,162,0,0,387
111,Ferndale Police Department,CA,HUMBOLDT,CA0120400,1,0,0,0,0,0,3,0,0,4
112,Fortuna Police Department,CA,HUMBOLDT,CA0120500,32,1,0,0,0,4,41,0,0,78
113,Rio Dell Police Department,CA,HUMBOLDT,CA0120700,15,1,0,0,0,0,16,0,0,32
114,Humboldt State University,CA,HUMBOLDT,CA0120800,0,1,0,0,1,4,2,0,0,8
115,Union Pacific Railroad: Humboldt County,CA,HUMBOLDT,CA012090X,N/A,N/A,N/A,N/A,N/A,N/A,N/A,N/A,N/A,N/A
116,Department of Parks and Recreation: North Coast Redwoods,CA,HUMBOLDT,CA0121100,2,3,0,1,0,0,5,0,0,11
117,Highway Patrol: Humboldt County,CA,HUMBOLDT,CA0129900,13,2,1,0,0,2,12,0,0,30
118,Imperial County Sheriff's Office,CA,IMPERIAL,CA0130000,110,21,0,0,5,12,127,0,0,275
119,Brawley Police Department,CA,IMPERIAL,CA0130100,62,9,0,2,1,0,108,0,0,182
120,Calexico Police Department,CA,IMPERIAL,CA0130200,44,6,0,0,6,8,76,0,0,140
121,Calipatria Police Department,CA,IMPERIAL,CA0130300,N/A,N/A,N/A,N/A,N/A,N/A,N/A,N/A,N/A,N/A
122,El Centro Police Department,CA,IMPERIAL,CA0130400,81,8,0,1,1,20,168,0,0,279
123,Holtville Police Department,CA,IMPERIAL,CA0130500,0,1,0,0,0,1,3,0,0,5
124,Imperial Police Department,CA,IMPERIAL,CA0130600,10,2,0,0,0,0,15,0,0,27
125,Westmorland Police Department,CA,IMPERIAL,CA0130700,N/A,N/A,N/A,N/A,N/A,N/A,N/A,N/A,N/A,N/A
126,Union Pacific Railroad: Imperial County,CA,IMPERIAL,CA013080X,0,0,0,0,0,0,0,0,0,0
127,Highway Patrol: Imperial County,CA,IMPERIAL,CA0139900,3,0,1,0,0,0,10,0,0,14
128,Inyo County Sheriff's Office,CA,INYO,CA0140000,59,0,0,0,0,0,41,0,0,100
129,Bishop Police Department,CA,INYO,CA0140100,25,2,0,0,0,3,26,0,0,56
130,Union Pacific Railroad: Inyo County,CA,INYO,CA014030X,N/A,N/A,N/A,N/A,N/A,N/A,N/A,N/A,N/A,N/A
131,Highway Patrol: Inyo County,CA,INYO,CA0149900,1,2,0,0,0,0,4,0,0,7
132,Kern County Sheriff's Office,CA,KERN,CA0150000,1013,74,2,16,18,123,1233,0,0,2479
133,Arvin Police Department,CA,KERN,CA0150100,74,5,0,0,0,2,39,0,0,120
134,Bakersfield Police Department,CA,KERN,CA0150200,901,91,4,38,36,240,1516,0,0,2826
135,Delano Police Department,CA,KERN,CA0150300,77,15,1,3,1,11,140,0,0,248
136,McFarland Police Department,CA,KERN,CA0150500,42,2,0,1,0,4,50,0,0,99
137,Ridgecrest Police Department,CA,KERN,CA0150600,120,6,0,3,2,4,129,0,0,264
138,Shafter Police Department,CA,KERN,CA0150700,65,3,0,0,0,4,78,0,0,150
139,Taft Police Department,CA,KERN,CA0150800,24,5,0,0,0,3,48,0,0,80
140,Tehachapi Police Department,CA,KERN,CA0150900,62,2,0,2,3,8,38,0,0,115
141,California City Police Department,CA,KERN,CA0151100,51,5,2,0,3,7,40,0,0,108
142,Stallion Springs Police Department,CA,KERN,CA0151400,2,0,0,0,0,0,3,0,0,5
143,Bear Valley Police Department,CA,KERN,CA0151500,7,0,0,0,0,0,6,0,0,13
144,Kern High School District,CA,KERN,CA0152100,66,1,0,0,0,1,132,0,0,200
145,Union Pacific Railroad: Kern County,CA,KERN,CA0152200,0,0,0,0,0,0,0,0,0,0
146,California State University: Bakersfield,CA,KERN,CA0159700,3,0,0,0,0,0,4,0,0,7
147,Highway Patrol: Kern County,CA,KERN,CA0159900,12,2,10,1,0,0,27,0,0,52
148,Kings County Sheriff's Office,CA,KINGS,CA0160000,122,10,0,1,7,13,49,0,0,202
149,Corcoran Police Department,CA,KINGS,CA0160100,52,6,0,0,5,1,32,0,0,96
150,Hanford Police Department,CA,KINGS,CA0160200,133,31,1,4,4,15,202,0,0,390
151,Lemoore Police Department,CA,KINGS,CA0160300,118,19,0,2,2,4,71,0,0,216
152,Union Pacific Railroad: Kings County,CA,KINGS,CA0160500,N/A,N/A,N/A,N/A,N/A,N/A,N/A,N/A,N/A,N/A
153,Porterville Developmental Center,CA,KINGS,CA016060X,1,0,0,0,1,0,0,0,0,2
154,Avenal Police Department,CA,KINGS,CA016070X,85,15,0,0,3,3,33,0,0,139
155,Highway Patrol: Kings County,CA,KINGS,CA0169900,0,1,1,0,0,0,2,0,0,4
156,Lake County Sheriff's Office,CA,LAKE,CA0170000,145,8,0,4,1,2,96,0,0,256
157,Lakeport Police Department,CA,LAKE,CA0170100,25,4,0,0,0,3,28,0,0,60
158,Clearlake Police Department,CA,LAKE,CA0170200,117,11,0,1,2,19,111,0,0,261
159,Highway Patrol: Lake County,CA,LAKE,CA0179900,11,0,1,0,0,0,5,0,0,17
160,Lassen County Sheriff's Office,CA,LASSEN,CA0180000,60,7,0,0,1,0,36,0,0,104
161,Susanville Police Department,CA,LASSEN,CA0180100,38,3,0,0,0,0,34,0,0,75
162,Union Pacific Railroad: Lassen County,CA,LASSEN,CA018030X,N/A,N/A,N/A,N/A,N/A,N/A,N/A,N/A,N/A,N/A
163,Highway Patrol: Lassen County,CA,LASSEN,CA0189900,4,0,0,0,0,0,1,0,0,5
164,Los Angeles County Sheriff's Office,CA,LOS ANGELES,CA0190000,2509,283,5,64,75,434,1338,0,0,4708
165,Alhambra Police Department,CA,LOS ANGELES,CA0190100,122,12,0,3,1,26,111,0,0,275
166,Arcadia Police Department,CA,LOS ANGELES,CA0190200,67,2,0,1,1,12,44,0,0,127
167,Artesia Police Department,CA,LOS ANGELES,CA0190300,19,5,0,4,1,8,23,0,0,60
168,Avalon Police Department,CA,LOS ANGELES,CA0190400,11,2,0,0,1,1,22,0,0,37
169,Azusa Police Department,CA,LOS ANGELES,CA0190500,98,9,0,2,11,14,85,0,0,219
170,Baldwin Park Police Department,CA,LOS ANGELES,CA0190600,101,12,1,0,3,18,85,0,0,220
171,Bell Police Department,CA,LOS ANGELES,CA0190700,79,9,0,0,1,14,96,0,0,199
172,Bellflower Police Department,CA,LOS ANGELES,CA0190800,211,14,0,1,6,28,108,0,0,368
173,Bell Gardens Police Department,CA,LOS ANGELES,CA0190900,69,11,0,0,1,23,71,0,0,175
174,El Camino College,CA,LOS ANGELES,CA0190C00,2,0,0,0,0,2,1,0,0,5
175,La Habra Heights Police Department,CA,LOS ANGELES,CA0190D0X,5,0,0,0,0,0,0,0,0,5
176,Union Pacific Railroad: Los Angeles County,CA,LOS ANGELES,CA0190I00,1,0,0,0,0,0,2,0,0,3
177,Los Angeles County Metropolitan Transportation Authority,CA,LOS ANGELES,CA0190K00,55,15,0,0,2,27,65,0,0,164
178,Pasadena Community College,CA,LOS ANGELES,CA0190R00,1,1,0,0,0,0,5,0,0,7
179,Westlake Village Police Department,CA,LOS ANGELES,CA0190X0X,4,2,0,0,0,1,5,0,0,12
180,Beverly Hills Police Department,CA,LOS ANGELES,CA0191000,69,21,1,0,1,45,122,0,0,259
181,Bradbury Police Department,CA,LOS ANGELES,CA0191100,1,0,0,0,0,0,1,0,0,2
182,Burbank Police Department,CA,LOS ANGELES,CA0191200,173,23,0,3,2,27,240,0,0,468
183,Claremont Police Department,CA,LOS ANGELES,CA0191300,65,8,0,0,3,13,82,0,0,171
184,Commerce Police Department,CA,LOS ANGELES,CA0191400,42,6,0,0,1,13,24,0,0,86
185,Compton Police Department,CA,LOS ANGELES,CA0191500,296,23,0,5,11,121,114,0,0,570
186,Covina Police Department,CA,LOS ANGELES,CA0191600,96,12,0,1,4,29,176,0,0,318
187,Cudahy Police Department,CA,LOS ANGELES,CA0191700,33,6,0,1,1,6,17,0,0,64
188,Culver City Police Department,CA,LOS ANGELES,CA0191800,78,14,0,0,0,83,91,0,0,266
189,Cerritos Police Department,CA,LOS ANGELES,CA0191900,44,5,0,2,3,24,46,0,0,124
190,Agoura Hills Police Department,CA,LOS ANGELES,CA0191F00,8,0,0,0,2,1,12,0,0,23
191,West Hollywood Police Department,CA,LOS ANGELES,CA0191H0X,133,17,0,0,3,48,172,0,0,373
192,Baldwin Park Unified School District,CA,LOS ANGELES,CA0191N00,N/A,N/A,N/A,N/A,N/A,N/A,N/A,N/A,N/A,N/A
193,Santa Clarita Police Department,CA,LOS ANGELES,CA0191R0X,309,28,1,2,11,41,217,0,0,609
194,Diamond Bar Police Department,CA,LOS ANGELES,CA0191W0X,45,4,0,0,1,4,18,0,0,72
195,Downey Police Department,CA,LOS ANGELES,CA0192000,190,26,0,5,9,65,140,0,0,435
196,Duarte Police Department,CA,LOS ANGELES,CA0192100,26,2,0,0,0,5,21,0,0,54
197,El Monte Police Department,CA,LOS ANGELES,CA0192200,345,33,0,5,12,69,213,0,0,677
198,El Segundo Police Department,CA,LOS ANGELES,CA0192300,31,1,0,0,0,12,25,0,0,69
199,Gardena Police Department,CA,LOS ANGELES,CA0192400,121,12,0,4,3,41,96,0,0,277
200,Glendale Police Department,CA,LOS ANGELES,CA0192500,250,45,0,10,9,71,469,0,0,854
201,Glendora Police Department,CA,LOS ANGELES,CA0192600,84,11,0,0,6,22,113,0,0,236
202,Hawaiian Gardens Police Department,CA,LOS ANGELES,CA0192700,37,4,0,0,0,9,23,0,0,73
203,Hawthorne Police Department,CA,LOS ANGELES,CA0192800,206,9,1,2,6,71,242,0,0,537
204,Hermosa Beach Police Department,CA,LOS ANGELES,CA0192900,15,4,1,0,0,5,32,0,0,57
205,Calabasas Police Department,CA,LOS ANGELES,CA0192H0X,13,4,0,0,2,3,20,0,0,42
206,Malibu Police Department,CA,LOS ANGELES,CA0192J0X,25,4,0,1,0,8,14,0,0,52
207,Los Angeles Transportation Services Bureau,CA,LOS ANGELES,CA0192U0X,3,1,0,0,0,0,8,0,0,12
208,Hidden Hills Police Department,CA,LOS ANGELES,CA0193000,0,0,0,0,0,0,0,0,0,0
209,Huntington Park Police Department,CA,LOS ANGELES,CA0193100,184,25,0,2,6,73,143,0,0,433
210,Industry Police Department,CA,LOS ANGELES,CA0193200,22,4,0,0,0,18,20,0,0,64
211,Inglewood Police Department,CA,LOS ANGELES,CA0193300,160,19,0,7,8,70,177,0,0,441
212,Irwindale Police Department,CA,LOS ANGELES,CA0193400,6,0,0,0,0,2,6,0,0,14
213,Lakewood Police Department,CA,LOS ANGELES,CA0193500,117,16,0,0,4,32,86,0,0,255
214,La Mirada Police Department,CA,LOS ANGELES,CA0193600,56,8,1,0,1,14,30,0,0,110
215,La Puente Police Department,CA,LOS ANGELES,CA0193700,84,9,0,0,1,18,25,0,0,137
216,La Verne Police Department,CA,LOS ANGELES,CA0193800,17,0,0,0,1,11,34,0,0,63
217,Lawndale Police Department,CA,LOS ANGELES,CA0193900,69,2,0,0,3,11,42,0,0,127
218,Lomita Police Department,CA,LOS ANGELES,CA0194000,27,0,0,0,0,14,22,0,0,63
219,Long Beach Police Department,CA,LOS ANGELES,CA0194100,1366,107,7,16,21,255,1349,0,0,3121
220,Los Angeles Police Department,CA,LOS ANGELES,CA0194200,8829,662,6,121,231,2143,4692,0,0,16684
221,Lynwood Police Department,CA,LOS ANGELES,CA0194300,209,16,0,3,5,47,68,0,0,348
222,Manhattan Beach Police Department,CA,LOS ANGELES,CA0194400,40,3,0,0,3,23,42,0,0,111
223,Maywood Police Department,CA,LOS ANGELES,CA0194500,39,3,0,1,2,9,17,0,0,71
224,Monrovia Police Department,CA,LOS ANGELES,CA0194600,50,1,0,1,0,7,60,0,0,119
225,Montebello Police Department,CA,LOS ANGELES,CA0194700,123,8,0,2,2,32,104,0,0,271
226,Monterey Park Police Department,CA,LOS ANGELES,CA0194800,89,10,0,4,1,9,53,0,0,166
227,Norwalk Police Department,CA,LOS ANGELES,CA0194900,235,166,0,1,9,43,96,0,0,550
228,Palmdale Police Department,CA,LOS ANGELES,CA0195000,452,8,1,4,2,91,321,0,0,879
229,Palos Verdes Estates Police Department,CA,LOS ANGELES,CA0195100,5,0,0,0,0,1,7,0,0,13
230,Paramount Police Department,CA,LOS ANGELES,CA0195200,136,15,1,2,4,41,68,0,0,267
231,Pasadena Police Department,CA,LOS ANGELES,CA0195300,371,28,1,6,5,55,248,0,0,714
232,Pico Rivera Police Department,CA,LOS ANGELES,CA0195400,114,20,0,2,4,18,72,0,0,230
233,Pomona Police Department,CA,LOS ANGELES,CA0195500,373,43,1,7,10,84,290,0,0,808
234,Redondo Beach Police Department,CA,LOS ANGELES,CA0195600,80,16,0,0,2,26,131,0,0,255
235,Rolling Hills Police Department,CA,LOS ANGELES,CA0195700,3,0,0,0,0,0,0,0,0,3
236,Rolling Hills Estates Police Department,CA,LOS ANGELES,CA0195800,7,0,0,0,0,3,5,0,0,15
237,Rosemead Police Department,CA,LOS ANGELES,CA0195900,71,12,0,1,2,21,61,0,0,168
238,San Dimas Police Department,CA,LOS ANGELES,CA0196000,33,5,0,0,0,9,34,0,0,81
239,San Fernando Police Department,CA,LOS ANGELES,CA0196100,36,2,0,2,1,7,66,0,0,114
240,San Gabriel Police Department,CA,LOS ANGELES,CA0196200,57,5,0,1,3,11,58,0,0,135
241,San Marino Police Department,CA,LOS ANGELES,CA0196300,6,1,0,0,0,0,12,0,0,19
242,Santa Fe Springs Police Department,CA,LOS ANGELES,CA0196400,52,3,0,3,3,12,37,0,0,110
243,Santa Monica Police Department,CA,LOS ANGELES,CA0196500,252,51,0,8,7,111,401,0,0,830
244,Sierra Madre Police Department,CA,LOS ANGELES,CA0196600,7,0,0,0,0,0,7,0,0,14
245,Signal Hill Police Department,CA,LOS ANGELES,CA0196700,41,0,0,0,0,7,37,0,0,85
246,South El Monte Police Department,CA,LOS ANGELES,CA0196800,57,6,0,0,1,10,34,0,0,108
247,South Gate Police Department,CA,LOS ANGELES,CA0196900,228,35,0,6,6,69,168,0,0,512
248,South Pasadena Police Department,CA,LOS ANGELES,CA0197000,23,6,0,0,0,5,38,0,0,72
249,Temple City Police Department,CA,LOS ANGELES,CA0197100,44,8,0,1,2,7,42,0,0,104
250,Torrance Police Department,CA,LOS ANGELES,CA0197200,152,20,2,0,4,85,132,0,0,395
251,Vernon Police Department,CA,LOS ANGELES,CA0197300,17,1,1,0,1,2,10,0,0,32
252,Walnut Police Department,CA,LOS ANGELES,CA0197400,23,1,0,0,0,7,9,0,0,40
253,West Covina Police Department,CA,LOS ANGELES,CA0197500,169,20,0,2,3,54,76,0,0,324
254,Whittier Police Department,CA,LOS ANGELES,CA0197600,150,12,0,2,2,24,96,0,0,286
255,Carson Police Department,CA,LOS ANGELES,CA0197700,196,19,3,3,3,38,73,0,0,335
256,California State Polytechnic University: Pomona,CA,LOS ANGELES,CA0197800,5,0,0,0,1,0,5,0,0,11
257,Rancho Palos Verdes Police Department,CA,LOS ANGELES,CA0198000,16,1,0,0,0,0,8,0,0,25
258,California State University: Dominguez Hills,CA,LOS ANGELES,CA0198100,0,1,0,0,0,1,4,0,0,6
259,California State University: Long Beach,CA,LOS ANGELES,CA0198200,2,0,0,0,0,0,4,0,0,6
260,California State University: Los Angeles,CA,LOS ANGELES,CA0198300,5,0,0,0,0,0,5,0,0,10
261,California State University: Northridge,CA,LOS ANGELES,CA0198400,3,1,0,0,0,0,9,0,0,13
262,La Canada Flintridge Police Department,CA,LOS ANGELES,CA019900X,7,2,0,0,0,0,13,0,0,22
263,Lancaster Police Department,CA,LOS ANGELES,CA019960X,783,29,1,3,5,179,429,0,0,1429
264,University of California: Los Angeles,CA,LOS ANGELES,CA0199700,35,14,0,1,2,5,90,0,0,147
265,Highway Patrol: Los Angeles County,CA,LOS ANGELES,CA0199900,51,10,13,8,0,0,111,0,0,193
266,Metropolitan State Hospital,CA,LOS ANGELES,CA019A900,4,0,0,0,0,0,1,0,0,5
267,Madera County Sheriff's Office,CA,MADERA,CA0200000,126,15,0,3,13,3,81,0,0,241
268,Chowchilla Police Department,CA,MADERA,CA0200100,39,1,1,0,1,0,36,0,0,78
269,Madera Police Department,CA,MADERA,CA0200200,269,30,0,2,8,26,306,0,0,641
270,Union Pacific Railroad: Madera County,CA,MADERA,CA020040X,N/A,N/A,N/A,N/A,N/A,N/A,N/A,N/A,N/A,N/A
271,Highway Patrol: Madera County,CA,MADERA,CA0209900,0,3,1,1,0,0,8,0,0,13
272,Marin County Sheriff's Office,CA,MARIN,CA0210000,79,12,0,0,1,6,113,0,0,211
273,Belvedere Police Department,CA,MARIN,CA0210100,0,0,0,0,0,0,1,0,0,1
274,Fairfax Police Department,CA,MARIN,CA0210300,11,3,0,0,0,0,16,0,0,30
275,Mill Valley Police Department,CA,MARIN,CA0210500,10,2,0,0,0,3,9,0,0,24
276,Novato Police Department,CA,MARIN,CA0210600,86,13,0,0,3,6,101,0,0,209
277,Ross Police Department,CA,MARIN,CA0210700,1,0,0,0,1,0,0,0,0,2
278,San Rafael Police Department,CA,MARIN,CA0210900,149,29,0,0,5,25,235,0,0,443
279,Sausalito Police Department,CA,MARIN,CA0211000,9,1,0,0,0,1,12,0,0,23
280,Tiburon Police Department,CA,MARIN,CA0211100,3,0,1,0,0,0,2,0,0,6
281,Union Pacific Railroad: Marin County,CA,MARIN,CA021120X,N/A,N/A,N/A,N/A,N/A,N/A,N/A,N/A,N/A,N/A
282,Marin Community College,CA,MARIN,CA0211300,2,0,0,0,0,0,2,0,0,4
283,Department of Parks and Recreation: Marin County,CA,MARIN,CA0211400,1,0,0,0,0,0,1,0,0,2
284,Central Marin Police Department,CA,MARIN,CA0211700,29,1,0,1,0,1,34,0,0,66
285,Highway Patrol: Marin County,CA,MARIN,CA0219900,10,0,0,0,0,0,8,0,0,18
286,Mariposa County Sheriff's Office,CA,MARIPOSA,CA0220000,59,8,0,3,1,2,57,0,0,130
287,Highway Patrol: Mariposa County,CA,MARIPOSA,CA0229900,0,0,0,0,0,0,0,0,0,0
288,Mendocino County Sheriff's Office,CA,MENDOCINO,CA0230000,197,5,0,2,2,6,149,0,0,361
289,Fort Bragg Police Department,CA,MENDOCINO,CA0230100,34,0,0,0,1,4,41,0,0,80
290,Ukiah Police Department,CA,MENDOCINO,CA0230300,96,3,0,1,1,11,138,0,0,250
291,Willits Police Department,CA,MENDOCINO,CA0230400,44,1,0,0,0,6,39,0,0,90
292,Union Pacific Railroad: Mendocino County,CA,MENDOCINO,CA0230900,N/A,N/A,N/A,N/A,N/A,N/A,N/A,N/A,N/A,N/A
293,Highway Patrol: Mendocino County,CA,MENDOCINO,CA0239900,10,3,0,0,0,0,6,0,0,19
294,Merced County Sheriff's Office,CA,MERCED,CA0240000,203,15,0,1,3,15,148,0,0,385
295,Atwater Police Department,CA,MERCED,CA0240100,62,7,0,0,1,9,165,0,0,244
296,Dos Palos Police Department,CA,MERCED,CA0240200,26,1,0,0,0,1,22,0,0,50
297,Gustine Police Department,CA,MERCED,CA0240300,13,2,0,0,0,1,21,0,0,37
298,Livingston Police Department,CA,MERCED,CA0240400,27,2,0,0,1,6,41,0,0,77
299,Los Banos Police Department,CA,MERCED,CA0240500,87,11,2,1,2,16,124,0,0,243
300,Merced Police Department,CA,MERCED,CA0240600,354,54,1,15,13,48,503,0,0,988
301,Union Pacific Railroad: Merced County,CA,MERCED,CA024080X,0,0,0,0,0,0,0,0,0,0
302,Department of Parks and Recreation: Four Rivers District,CA,MERCED,CA0241000,0,0,0,0,0,0,4,0,0,4
303,University of California: Merced,CA,MERCED,CA0241200,0,0,0,0,1,0,4,0,0,5
304,Highway Patrol: Merced County,CA,MERCED,CA0249900,6,0,3,0,0,0,7,0,0,16
305,Modoc County Sheriff's Office,CA,MODOC,CA0250000,28,1,1,0,1,1,7,0,0,39
306,Alturas Police Department,CA,MODOC,CA0250100,20,4,0,0,1,1,14,0,0,40
307,Union Pacific Railroad: Modoc County,CA,MODOC,CA025020X,N/A,N/A,N/A,N/A,N/A,N/A,N/A,N/A,N/A,N/A
308,Highway Patrol: Modoc County,CA,MODOC,CA0259900,1,0,0,0,0,0,0,0,0,1
309,Mono County Sheriff's Office,CA,MONO,CA0260000,23,2,0,0,0,0,13,0,0,38
310,Mammoth Lakes Police Department,CA,MONO,CA0260100,35,3,0,0,2,0,25,0,0,65
311,Highway Patrol: Mono County,CA,MONO,CA0269900,1,0,0,0,0,0,0,0,0,1
312,Monterey County Sheriff's Office,CA,MONTEREY,CA0270000,178,16,0,4,9,15,123,0,0,345
313,Carmel Police Department,CA,MONTEREY,CA0270100,11,1,0,0,0,0,14,0,0,26
314,Del Rey Oaks Police Department,CA,MONTEREY,CA0270200,0,0,0,0,0,4,3,0,0,7
315,Gonzales Police Department,CA,MONTEREY,CA0270300,19,3,0,0,1,5,27,0,0,55
316,Greenfield Police Department,CA,MONTEREY,CA0270400,58,13,0,2,1,2,60,0,0,136
317,King City Police Department,CA,MONTEREY,CA0270500,17,2,0,0,0,3,12,0,0,34
318,Monterey Police Department,CA,MONTEREY,CA0270600,97,11,0,0,3,15,142,0,0,268
319,Pacific Grove Police Department,CA,MONTEREY,CA0270700,5,2,0,0,0,5,22,0,0,34
320,Salinas Police Department,CA,MONTEREY,CA0270800,381,47,0,7,11,83,351,0,0,880
321,Sand City Police Department,CA,MONTEREY,CA0270900,0,0,0,0,0,1,6,0,0,7
322,Seaside Police Department,CA,MONTEREY,CA0271000,57,3,0,0,0,2,56,0,0,118
323,Soledad Police Department,CA,MONTEREY,CA0271100,36,7,0,0,3,9,63,0,0,118
324,Marina Police Department,CA,MONTEREY,CA0271200,52,5,0,0,0,2,71,0,0,130
325,Monterey Peninsula Airport,CA,MONTEREY,CA0271400,0,0,0,0,0,0,0,0,0,0
326,Union Pacific Railroad: Monterey County,CA,MONTEREY,CA027150X,N/A,N/A,N/A,N/A,N/A,N/A,N/A,N/A,N/A,N/A
327,Department of Parks and Recreation: Monterey County,CA,MONTEREY,CA0271700,1,0,0,0,0,0,3,0,0,4
328,California State University: Monterey Bay,CA,MONTEREY,CA0271900,4,0,0,0,0,1,7,0,0,12
329,Highway Patrol: Monterey County,CA,MONTEREY,CA0279900,8,1,3,0,0,0,13,0,0,25
330,Napa County Sheriff's Office,CA,NAPA,CA0280000,63,6,0,0,3,3,39,0,0,114
331,Calistoga Police Department,CA,NAPA,CA0280100,7,1,0,0,0,0,11,0,0,19
332,Napa Police Department,CA,NAPA,CA0280200,173,15,0,1,16,38,161,0,0,404
333,St. Helena Police Department,CA,NAPA,CA0280300,9,0,0,0,0,2,8,0,0,19
334,Union Pacific Railroad: Napa County,CA,NAPA,CA028060X,N/A,N/A,N/A,N/A,N/A,N/A,N/A,N/A,N/A,N/A
335,Napa State Hospital,CA,NAPA,CA0280800,4,0,0,0,1,0,1,0,0,6
336,American Canyon Police Department,CA,NAPA,CA0280900,44,2,0,0,1,1,39,0,0,87
337,Yountville Police Department,CA,NAPA,CA0281000,2,0,0,0,0,0,4,0,0,6
338,Highway Patrol: Napa County,CA,NAPA,CA0289900,2,1,1,0,1,0,5,0,0,10
339,Nevada County Sheriff's Office,CA,NEVADA,CA0290000,100,15,0,0,5,2,123,0,0,245
340,Grass Valley Police Department,CA,NEVADA,CA0290100,65,11,0,2,1,5,136,0,0,220
341,Nevada City Police Department,CA,NEVADA,CA0290200,12,1,0,1,0,0,7,0,0,21
342,Union Pacific Railroad: Nevada County,CA,NEVADA,CA029030X,N/A,N/A,N/A,N/A,N/A,N/A,N/A,N/A,N/A,N/A
343,Truckee Police Department,CA,NEVADA,CA0290800,35,3,0,0,1,1,25,0,0,65
344,Highway Patrol: Nevada County,CA,NEVADA,CA0299900,2,1,0,0,0,0,3,0,0,6
345,Orange County Sheriff's Office,CA,ORANGE,CA0300000,183,16,1,3,16,22,160,0,0,401
346,Anaheim Police Department,CA,ORANGE,CA0300100,737,113,1,15,23,155,775,0,0,1819
347,Brea Police Department,CA,ORANGE,CA0300200,24,7,0,0,0,5,86,0,0,122
348,Buena Park Police Department,CA,ORANGE,CA0300300,97,21,0,1,4,28,140,0,0,291
349,Costa Mesa Police Department,CA,ORANGE,CA0300400,204,34,0,0,6,45,146,0,0,435
350,Cypress Police Department,CA,ORANGE,CA0300500,48,6,0,1,2,4,29,0,0,90
351,La Palma Police Department,CA,ORANGE,CA0300600,20,3,0,0,0,3,27,0,0,53
352,Fountain Valley Police Department,CA,ORANGE,CA0300700,50,2,0,0,1,10,80,0,0,143
353,Fullerton Police Department,CA,ORANGE,CA0300800,308,53,2,2,12,43,541,0,0,961
354,Garden Grove Police Department,CA,ORANGE,CA0300900,282,43,0,9,18,68,238,0,0,658
355,Huntington Beach Police Department,CA,ORANGE,CA0301000,267,40,1,2,4,53,447,0,0,814
356,Laguna Beach Police Department,CA,ORANGE,CA0301100,64,8,0,1,3,6,127,0,0,209
357,La Habra Police Department,CA,ORANGE,CA0301200,103,25,0,2,4,12,119,0,0,265
358,Los Alamitos Police Department,CA,ORANGE,CA0301300,10,1,0,0,0,0,12,0,0,23
359,Newport Beach Police Department,CA,ORANGE,CA0301400,129,13,0,2,1,25,189,0,0,359
360,Orange Police Department,CA,ORANGE,CA0301500,188,21,0,1,6,42,240,0,0,498
361,Placentia Police Department,CA,ORANGE,CA0301600,87,6,0,2,1,12,89,0,0,197
362,San Clemente Police Department,CA,ORANGE,CA0301700,96,12,0,1,2,9,88,0,0,208
363,San Juan Capistrano Police Department,CA,ORANGE,CA0301800,59,5,0,0,0,8,45,0,0,117
364,Santa Ana Police Department,CA,ORANGE,CA0301900,446,116,0,16,46,122,333,0,0,1079
365,Seal Beach Police Department,CA,ORANGE,CA0302000,26,2,0,1,0,6,46,0,0,81
366,Stanton Police Department,CA,ORANGE,CA0302100,63,9,0,2,2,21,46,0,0,143
367,Tustin Police Department,CA,ORANGE,CA0302200,164,19,0,2,8,37,178,0,0,408
368,Villa Park Police Department,CA,ORANGE,CA0302300,2,0,0,0,0,0,8,0,0,10
369,Westminster Police Department,CA,ORANGE,CA0302400,176,25,1,4,3,38,188,0,0,435
370,Yorba Linda Police Department,CA,ORANGE,CA0302500,22,1,0,0,0,5,29,0,0,57
371,Irvine Police Department,CA,ORANGE,CA0302600,213,16,0,2,4,30,171,0,0,436
372,California State University: Fullerton,CA,ORANGE,CA0302700,3,0,0,0,1,0,12,0,0,16
373,Union Pacific Railroad: Orange County,CA,ORANGE,CA030290X,1,0,0,0,0,0,0,0,0,1
374,Department of Parks and Recreation: Orange Coast,CA,ORANGE,CA0303200,3,1,0,0,0,0,7,0,0,11
375,Fairview Developmental Center,CA,ORANGE,CA030340X,N/A,N/A,N/A,N/A,N/A,N/A,N/A,N/A,N/A,N/A
376,Mission Viejo Police Department,CA,ORANGE,CA030350X,77,5,0,1,0,6,59,0,0,148
377,Dana Point Police Department,CA,ORANGE,CA030360X,46,8,0,0,0,10,65,0,0,129
378,Laguna Niguel Police Department,CA,ORANGE,CA030390X,56,3,0,0,1,6,60,0,0,126
379,Laguna Hills Police Department,CA,ORANGE,CA030420X,41,4,0,0,0,6,33,0,0,84
380,Lake Forest Police Department,CA,ORANGE,CA030430X,97,7,0,1,2,6,91,0,0,204
381,Laguna Woods Police Department,CA,ORANGE,CA030470X,3,0,0,0,0,1,3,0,0,7
382,Rancho Santa Margarita Police Department,CA,ORANGE,CA030480X,36,2,0,0,2,3,28,0,0,71
383,Aliso Viejo Police Department,CA,ORANGE,CA030490X,44,0,1,0,1,5,34,0,0,85
384,Irvine Valley College,CA,ORANGE,CA0309600,0,0,0,0,0,0,0,0,0,0
385,University of California: Irvine,CA,ORANGE,CA0309700,7,1,0,0,2,2,6,0,0,18
386,Highway Patrol: Orange County,CA,ORANGE,CA0309900,25,3,6,0,0,3,57,0,0,94
387,Placer County Sheriff's Office,CA,PLACER,CA0310000,229,25,0,1,7,26,167,0,0,455
388,Auburn Police Department,CA,PLACER,CA0310100,40,8,0,0,0,5,33,0,0,86
389,Lincoln Police Department,CA,PLACER,CA0310300,20,2,0,0,0,1,23,0,0,46
390,Rocklin Police Department,CA,PLACER,CA0310400,53,9,0,0,3,3,44,0,0,112
391,Roseville Police Department,CA,PLACER,CA0310500,298,15,0,2,6,63,256,0,0,640
392,Department of Parks and Recreation: Sierra,CA,PLACER,CA0310700,0,0,0,0,0,0,4,0,0,4
393,Union Pacific Railroad: Placer County,CA,PLACER,CA0311200,0,0,0,0,0,0,0,0,0,0
394,Highway Patrol: Placer County,CA,PLACER,CA0319900,6,0,1,1,0,0,5,0,0,13
395,Plumas County Sheriff's Office,CA,PLUMAS,CA0320000,60,7,0,1,1,3,60,0,0,132
396,Union Pacific Railroad: Plumas County,CA,PLUMAS,CA032030X,N/A,N/A,N/A,N/A,N/A,N/A,N/A,N/A,N/A,N/A
397,Highway Patrol: Plumas County,CA,PLUMAS,CA0329900,0,1,0,0,0,0,1,0,0,2
398,Riverside County Sheriff's Office,CA,RIVERSIDE,CA0330000,613,38,0,14,20,45,335,0,0,1065
399,Banning Police Department,CA,RIVERSIDE,CA0330100,60,7,1,3,1,5,40,0,0,117
400,Beaumont Police Department,CA,RIVERSIDE,CA0330200,44,4,0,0,1,6,57,0,0,112
401,Blythe Police Department,CA,RIVERSIDE,CA0330300,73,1,0,0,2,6,45,0,0,127
402,Coachella Police Department,CA,RIVERSIDE,CA0330500,61,11,1,1,2,16,76,0,0,168
403,Desert Hot Springs Police Department,CA,RIVERSIDE,CA0330600,108,9,1,2,1,17,86,0,0,224
404,Hemet Police Department,CA,RIVERSIDE,CA0330800,251,6,3,6,2,33,150,0,0,451
405,Indio Police Department,CA,RIVERSIDE,CA0330900,237,19,0,1,5,37,99,0,0,398
406,Norco Police Department,CA,RIVERSIDE,CA0331000,32,2,0,0,3,4,32,0,0,73
407,Palm Springs Police Department,CA,RIVERSIDE,CA0331100,173,11,0,2,4,15,172,0,0,377
408,Perris Police Department,CA,RIVERSIDE,CA0331200,138,5,0,2,5,18,40,0,0,208
409,Riverside Police Department,CA,RIVERSIDE,CA0331300,687,83,0,8,16,93,755,0,0,1642
410,San Jacinto Police Department,CA,RIVERSIDE,CA0331400,124,16,0,0,3,5,105,0,0,253
411,Corona Police Department,CA,RIVERSIDE,CA0331500,196,25,0,2,14,35,194,0,0,466
412,Indian Wells Police Department,CA,RIVERSIDE,CA0331600,6,0,0,0,0,0,6,0,0,12
413,Rancho Mirage Police Department,CA,RIVERSIDE,CA0331700,30,3,0,0,0,1,18,0,0,52
414,Palm Desert Police Department,CA,RIVERSIDE,CA0331800,96,5,0,2,3,6,73,0,0,185
415,Union Pacific Railroad: Riverside County,CA,RIVERSIDE,CA033210X,0,0,0,0,0,0,0,0,0,0
416,Department of Parks and Recreation: Inland Empire,CA,RIVERSIDE,CA0332400,0,0,0,0,0,0,9,0,0,9
417,Cathedral City Police Department,CA,RIVERSIDE,CA0332500,107,14,0,2,0,11,75,0,0,209
418,Lake Elsinore Police Department,CA,RIVERSIDE,CA033300X,132,8,0,4,5,15,80,0,0,244
419,La Quinta Police Department,CA,RIVERSIDE,CA033310X,39,6,0,2,4,5,53,0,0,109
420,Moreno Valley Police Department,CA,RIVERSIDE,CA033320X,420,36,1,11,11,75,255,0,0,809
421,Temecula Police Department,CA,RIVERSIDE,CA033380X,107,25,0,1,4,16,137,0,0,290
422,Calimesa Police Department,CA,RIVERSIDE,CA033400X,9,1,0,0,0,2,11,0,0,23
423,Canyon Lake Police Department,CA,RIVERSIDE,CA033410X,13,0,0,0,0,0,9,0,0,22
424,Murrieta Police Department,CA,RIVERSIDE,CA0334200,181,10,0,3,4,9,101,0,0,308
425,Riverside Community College,CA,RIVERSIDE,CA0334400,2,1,0,0,0,2,3,0,0,8
426,Wildomar Police Department,CA,RIVERSIDE,CA033770X,52,4,0,0,2,4,37,0,0,99
427,Menifee Police Department,CA,RIVERSIDE,CA033780X,88,5,0,1,2,12,41,0,0,149
428,Eastvale Police Department,CA,RIVERSIDE,CA033790X,56,7,0,0,1,4,24,0,0,92
429,University of California: Riverside,CA,RIVERSIDE,CA0339700,8,6,0,0,0,1,15,0,0,30
430,Highway Patrol: Riverside County,CA,RIVERSIDE,CA0339900,14,5,7,3,0,0,46,0,0,75
431,Jurupa Valley Police Department,CA,RIVERSIDE,CA033A000,223,17,0,4,7,18,91,0,0,360
432,Mt. San Jacinto College,CA,RIVERSIDE,CA033A100,3,0,0,0,0,0,0,0,0,3
433,Sacramento County Sheriff's Office,CA,SACRAMENTO,CA0340000,1292,95,0,23,18,233,683,0,0,2344
434,Folsom Police Department,CA,SACRAMENTO,CA0340100,88,5,0,0,0,11,86,0,0,190
435,Galt Police Department,CA,SACRAMENTO,CA0340200,71,7,0,1,1,5,49,0,0,134
436,Isleton Police Department,CA,SACRAMENTO,CA0340300,0,0,0,0,0,0,0,0,0,0
437,Sacramento Police Department,CA,SACRAMENTO,CA0340400,1959,203,3,35,19,391,1338,0,0,3948
438,California State University: Sacramento,CA,SACRAMENTO,CA0340800,2,0,0,0,0,0,3,0,0,5
439,Elk Grove Police Department,CA,SACRAMENTO,CA0340H00,219,15,0,0,5,44,192,0,0,475
440,Department of Parks and Recreation: Gold Fields District,CA,SACRAMENTO,CA0341200,0,4,0,0,0,0,12,0,0,16
441,Twin Rivers Unified School District,CA,SACRAMENTO,CA0341400,8,0,0,0,0,7,15,0,0,30
442,California State Fair,CA,SACRAMENTO,CA0342000,0,0,0,0,0,0,8,0,0,8
443,Department of Parks and Recreation: Capital,CA,SACRAMENTO,CA0342200,0,0,0,0,0,0,3,0,0,3
444,Department of Parks and Recreation: Twin Cities,CA,SACRAMENTO,CA0343300,0,0,0,0,0,0,1,0,0,1
445,Union Pacific Railroad: Sacramento County,CA,SACRAMENTO,CA0344800,0,0,0,0,0,0,0,0,0,0
446,Rancho Cordova Police Department,CA,SACRAMENTO,CA034550X,171,6,0,1,0,27,105,0,0,310
447,Citrus Heights Police Department,CA,SACRAMENTO,CA0349600,231,12,0,0,1,31,180,0,0,455
448,"University of California: Medical Center, Sacramento",CA,SACRAMENTO,CA0349700,4,3,0,0,0,0,18,0,0,25
449,Highway Patrol: Sacramento County,CA,SACRAMENTO,CA0349900,37,7,6,2,0,0,69,0,0,121
450,San Benito County Sheriff's Office,CA,SAN BENITO,CA0350000,35,4,0,0,2,1,26,0,0,68
451,Hollister Police Department,CA,SAN BENITO,CA0350100,117,12,1,1,4,16,124,0,0,275
452,Union Pacific Railroad: San Benito County,CA,SAN BENITO,CA035030X,0,0,0,0,0,0,0,0,0,0
453,Department of Parks and Recreation: Hollister Hills,CA,SAN BENITO,CA0350400,0,0,0,0,0,0,1,0,0,1
454,Highway Patrol: San Benito County,CA,SAN BENITO,CA0359900,1,0,0,1,0,0,2,0,0,4
455,San Bernardino County Sheriff's Office,CA,SAN BERNARDINO,CA0360000,1383,170,19,41,34,187,1042,0,0,2876
456,Barstow Police Department,CA,SAN BERNARDINO,CA0360100,223,16,0,2,0,30,116,0,0,387
457,Chino Police Department,CA,SAN BERNARDINO,CA0360200,264,26,1,3,14,70,179,0,0,557
458,Colton Police Department,CA,SAN BERNARDINO,CA0360300,91,14,0,1,0,24,88,0,0,218
459,Fontana Police Department,CA,SAN BERNARDINO,CA0360400,513,68,0,6,27,96,449,0,0,1159
460,Montclair Police Department,CA,SAN BERNARDINO,CA0360500,108,20,0,1,6,28,104,0,0,267
461,Needles Police Department,CA,SAN BERNARDINO,CA0360600,46,1,0,1,1,3,55,0,0,107
462,Ontario Police Department,CA,SAN BERNARDINO,CA0360700,505,52,0,2,12,88,373,0,0,1032
463,Redlands Police Department,CA,SAN BERNARDINO,CA0360800,136,24,0,0,3,37,200,0,0,400
464,Rialto Police Department,CA,SAN BERNARDINO,CA0360900,313,24,0,3,15,51,275,0,0,681
465,San Bernardino Police Department,CA,SAN BERNARDINO,CA0361000,912,53,0,29,13,179,832,0,0,2018
466,Upland Police Department,CA,SAN BERNARDINO,CA0361100,157,8,0,5,4,48,176,0,0,398
467,Victorville Police Department,CA,SAN BERNARDINO,CA0361200,468,65,2,1,11,118,402,0,0,1067
468,Adelanto Police Department,CA,SAN BERNARDINO,CA0361300,95,11,0,1,3,10,137,0,0,257
469,California State University: San Bernardino,CA,SAN BERNARDINO,CA0361400,2,1,0,0,1,0,2,0,0,6
470,Rancho Cucamonga Police Department,CA,SAN BERNARDINO,CA0361600,285,66,0,2,12,60,378,0,0,803
471,Big Bear Lake Police Department,CA,SAN BERNARDINO,CA036200X,30,6,0,0,1,3,51,0,0,91
472,Grand Terrace Police Department,CA,SAN BERNARDINO,CA036210X,17,4,0,0,1,2,40,0,0,64
473,Loma Linda Police Department,CA,SAN BERNARDINO,CA036220X,31,6,1,0,0,5,52,0,0,95
474,San Bernardino Unified School District,CA,SAN BERNARDINO,CA0362300,20,9,0,0,0,17,79,0,0,125
475,Chaffey College,CA,SAN BERNARDINO,CA0362600,3,0,0,0,0,1,2,0,0,6
476,Highland Police Department,CA,SAN BERNARDINO,CA036300X,172,20,0,0,10,27,158,0,0,387
477,Twentynine Palms Police Department,CA,SAN BERNARDINO,CA036310X,79,8,1,0,2,6,56,0,0,152
478,Hesperia Police Department,CA,SAN BERNARDINO,CA036320X,217,18,2,1,6,35,198,0,0,477
479,Apple Valley Police Department,CA,SAN BERNARDINO,CA036330X,222,38,0,1,7,36,149,0,0,453
480,Yucaipa Police Department,CA,SAN BERNARDINO,CA036350X,121,20,0,3,2,16,95,0,0,257
481,San Bernardino Community College,CA,SAN BERNARDINO,CA0363900,1,3,0,0,0,0,5,0,0,9
482,Chino Hills Police Department,CA,SAN BERNARDINO,CA036400X,55,6,1,0,4,10,79,0,0,155
483,Yucca Valley Police Department,CA,SAN BERNARDINO,CA036410X,103,6,0,0,1,14,56,0,0,180
484,Fontana Unified School District,CA,SAN BERNARDINO,CA0365000,54,18,0,0,0,2,69,0,0,143
485,Union Pacific Railroad: San Bernardino County,CA,SAN BERNARDINO,CA0365400,0,0,0,0,0,0,0,0,0,0
486,Patton State Hospital,CA,SAN BERNARDINO,CA0365700,2,0,0,0,0,0,0,0,0,2
487,Department of Parks and Recreation: Tehachapi District,CA,SAN BERNARDINO,CA036590X,0,0,0,0,0,0,2,0,0,2
488,Highway Patrol: San Bernardino County,CA,SAN BERNARDINO,CA0369900,31,4,10,5,0,3,69,0,0,122
489,San Diego County Sheriff's Office,CA,SAN DIEGO,CA0370000,1332,100,0,10,21,145,931,0,0,2539
490,Carlsbad Police Department,CA,SAN DIEGO,CA0370100,137,14,0,5,1,21,113,0,0,291
491,Chula Vista Police Department,CA,SAN DIEGO,CA0370200,528,21,0,3,7,110,392,0,0,1061
492,Coronado Police Department,CA,SAN DIEGO,CA0370300,24,1,0,0,2,3,22,0,0,52
493,Del Mar Police Department,CA,SAN DIEGO,CA0370400,8,2,0,0,0,0,13,0,0,23
494,El Cajon Police Department,CA,SAN DIEGO,CA0370500,340,16,0,2,0,65,194,0,0,617
495,Escondido Police Department,CA,SAN DIEGO,CA0370600,425,44,1,12,1,75,316,0,0,874
496,Imperial Beach Police Department,CA,SAN DIEGO,CA0370700,93,4,0,0,1,8,64,0,0,170
497,La Mesa Police Department,CA,SAN DIEGO,CA0370800,133,11,0,2,2,44,149,0,0,341
498,National City Police Department,CA,SAN DIEGO,CA0370900,223,8,0,0,8,60,103,0,0,402
499,Oceanside Police Department,CA,SAN DIEGO,CA0371000,487,50,2,4,8,66,359,0,0,976
500,San Diego Police Department,CA,SAN DIEGO,CA0371100,2446,221,1,18,60,422,2702,0,0,5870
501,San Marcos Police Department,CA,SAN DIEGO,CA0371200,170,3,0,0,2,34,147,0,0,356
502,Vista Police Department,CA,SAN DIEGO,CA0371300,379,11,0,1,0,35,198,0,0,624
503,San Diego State University,CA,SAN DIEGO,CA0371400,12,1,0,0,1,0,19,0,0,33
504,Port of San Diego Harbor,CA,SAN DIEGO,CA0371500,26,10,1,1,0,0,47,0,0,85
505,Department of Parks and Recreation: Colorado,CA,SAN DIEGO,CA0372200,0,0,0,0,0,0,0,0,0,0
506,Department of Parks and Recreation: Ocotillo Wells,CA,SAN DIEGO,CA0372400,2,0,0,0,0,0,5,0,0,7
507,Department of Parks and Recreation: San Diego Coast,CA,SAN DIEGO,CA0372500,5,6,0,0,0,1,10,0,0,22
508,California State University: San Marcos,CA,SAN DIEGO,CA0373200,0,1,0,0,0,1,2,0,0,4
509,University of California: San Diego,CA,SAN DIEGO,CA0379700,5,2,0,0,0,1,13,0,0,21
510,Highway Patrol: San Diego County,CA,SAN DIEGO,CA0379900,35,4,7,1,0,0,69,0,0,116
511,Lemon Grove Police Department,CA,SAN DIEGO,CA037A100,119,4,0,0,0,16,86,0,0,225
512,Santee Police Department,CA,SAN DIEGO,CA037A200,127,10,0,0,1,18,144,0,0,300
513,Poway Police Department,CA,SAN DIEGO,CA037A300,45,3,0,3,1,3,50,0,0,105
514,Encinitas Police Department,CA,SAN DIEGO,CA037A400,101,4,0,0,0,5,57,0,0,167
515,Solana Beach Police Department,CA,SAN DIEGO,CA037A500,23,2,0,0,0,3,12,0,0,40
516,San Francisco County Sheriff's Office,CA,SAN FRANCISCO,CA0380000,N/A,N/A,N/A,N/A,N/A,N/A,N/A,N/A,N/A,N/A
517,San Francisco Police Department,CA,SAN FRANCISCO,CA0380100,1498,77,6,34,27,348,1534,0,0,3524
518,San Francisco State University,CA,SAN FRANCISCO,CA0380300,5,0,0,0,1,2,10,0,0,18
519,San Francisco Bay Area Rapid Transit: San Francisco County,CA,SAN FRANCISCO,CA0380500,23,6,0,0,0,12,92,0,0,133
520,Union Pacific Railroad: San Francisco County,CA,SAN FRANCISCO,CA0381900,N/A,N/A,N/A,N/A,N/A,N/A,N/A,N/A,N/A,N/A
521,University of California: San Francisco,CA,SAN FRANCISCO,CA0389700,12,1,0,0,0,1,40,0,0,54
522,Highway Patrol: San Francisco County,CA,SAN FRANCISCO,CA0389900,5,1,0,0,0,1,11,0,0,18
523,San Joaquin County Sheriff's Office,CA,SAN JOAQUIN,CA0390000,510,66,0,2,10,81,475,0,0,1144
524,Escalon Police Department,CA,SAN JOAQUIN,CA0390100,12,2,0,0,0,0,21,0,0,35
525,Lodi Police Department,CA,SAN JOAQUIN,CA0390200,199,21,0,4,7,36,227,0,0,494
526,Manteca Police Department,CA,SAN JOAQUIN,CA0390300,147,15,0,4,6,30,157,0,0,359
527,Ripon Police Department,CA,SAN JOAQUIN,CA0390400,17,1,0,0,2,4,40,0,0,64
528,Stockton Police Department,CA,SAN JOAQUIN,CA0390500,1235,100,1,13,26,283,852,0,0,2510
529,Tracy Police Department,CA,SAN JOAQUIN,CA0390600,154,12,0,3,4,13,186,0,0,372
530,Stockton Unified School District,CA,SAN JOAQUIN,CA0391500,20,10,0,0,0,16,63,0,0,109
531,Union Pacific Railroad: San Joaquin County,CA,SAN JOAQUIN,CA0392100,0,0,0,0,0,0,0,0,0,0
532,Highway Patrol: San Joaquin County,CA,SAN JOAQUIN,CA0399900,12,1,10,0,0,0,32,0,0,55
533,San Luis Obispo County Sheriff's Office,CA,SAN LUIS OBISPO,CA0400000,165,12,0,4,4,3,148,0,0,336
534,Arroyo Grande Police Department,CA,SAN LUIS OBISPO,CA0400100,39,5,0,0,0,7,22,0,0,73
535,Grover Beach Police Department,CA,SAN LUIS OBISPO,CA0400200,15,1,0,0,0,4,15,0,0,35
536,Morro Bay Police Department,CA,SAN LUIS OBISPO,CA0400300,23,0,0,0,0,1,30,0,0,54
537,Paso Robles Police Department,CA,SAN LUIS OBISPO,CA0400400,81,5,0,0,6,4,73,0,0,169
538,Pismo Beach Police Department,CA,SAN LUIS OBISPO,CA0400500,16,1,0,0,1,3,29,0,0,50
539,San Luis Obispo Police Department,CA,SAN LUIS OBISPO,CA0400600,91,13,0,0,4,9,130,0,0,247
540,California State Polytechnic University: San Luis Obispo,CA,SAN LUIS OBISPO,CA0400700,2,1,0,0,0,0,5,0,0,8
541,Atascadero Police Department,CA,SAN LUIS OBISPO,CA0400800,41,4,0,0,1,6,47,0,0,99
542,Department of Parks and Recreation: San Luis Obispo Coast,CA,SAN LUIS OBISPO,CA0401300,0,0,0,0,0,0,0,0,0,0
543,Department of Parks and Recreation: Oceano Dunes,CA,SAN LUIS OBISPO,CA0401400,2,0,0,0,0,1,21,0,0,24
544,Atascadero State Hospital,CA,SAN LUIS OBISPO,CA040160X,25,45,0,0,11,0,532,0,0,613
545,Union Pacific Railroad: San Luis Obispo County,CA,SAN LUIS OBISPO,CA0401800,N/A,N/A,N/A,N/A,N/A,N/A,N/A,N/A,N/A,N/A
546,Cuesta College,CA,SAN LUIS OBISPO,CA0401900,N/A,N/A,N/A,N/A,N/A,N/A,N/A,N/A,N/A,N/A
547,Highway Patrol: San Luis Obispo County,CA,SAN LUIS OBISPO,CA0409900,6,0,7,1,0,0,7,0,0,21
548,San Mateo County Sheriff's Office,CA,SAN MATEO,CA0410000,150,20,0,3,10,17,189,0,0,389
549,Atherton Police Department,CA,SAN MATEO,CA0410100,1,0,0,0,0,2,1,0,0,4
550,Belmont Police Department,CA,SAN MATEO,CA0410200,15,2,0,0,1,2,16,0,0,36
551,Brisbane Police Department,CA,SAN MATEO,CA0410300,5,0,0,0,0,0,15,0,0,20
552,Burlingame Police Department,CA,SAN MATEO,CA0410400,43,1,0,0,2,11,54,0,0,111
553,Colma Police Department,CA,SAN MATEO,CA0410500,9,0,0,0,0,8,25,0,0,42
554,Daly City Police Department,CA,SAN MATEO,CA0410600,257,35,0,0,9,49,193,0,0,543
555,Hillsborough Police Department,CA,SAN MATEO,CA0410800,1,0,0,0,0,0,7,0,0,8
556,Menlo Park Police Department,CA,SAN MATEO,CA0410900,27,6,0,2,1,7,44,0,0,87
557,Pacifica Police Department,CA,SAN MATEO,CA0411100,52,1,0,0,0,1,61,0,0,115
558,Redwood City Police Department,CA,SAN MATEO,CA0411300,141,13,0,0,2,23,117,0,0,296
559,San Bruno Police Department,CA,SAN MATEO,CA0411400,92,6,0,0,9,20,109,0,0,236
560,San Mateo Police Department,CA,SAN MATEO,CA0411600,125,14,0,1,4,33,179,0,0,356
561,South San Francisco Police Department,CA,SAN MATEO,CA0411700,144,8,0,2,3,30,68,0,0,255
562,Broadmoor Police Department,CA,SAN MATEO,CA0411900,4,0,0,0,0,2,4,0,0,10
563,Foster City Police Department,CA,SAN MATEO,CA0412000,33,4,0,0,0,2,23,0,0,62
564,San Francisco Bay Area Rapid Transit: San Mateo County,CA,SAN MATEO,CA0412300,9,7,0,0,0,2,22,0,0,40
565,Union Pacific Railroad: San Mateo County,CA,SAN MATEO,CA041240X,N/A,N/A,N/A,N/A,N/A,N/A,N/A,N/A,N/A,N/A
566,Department of Parks and Recreation: Bay Area,CA,SAN MATEO,CA0412600,0,0,0,0,0,0,0,0,0,0
567,East Palo Alto Police Department,CA,SAN MATEO,CA0412700,79,8,0,0,1,14,56,0,0,158
568,Highway Patrol: San Mateo County,CA,SAN MATEO,CA0419900,3,0,0,0,0,0,25,0,0,28
569,Santa Barbara County Sheriff's Office,CA,SANTA BARBARA,CA0420000,245,21,0,1,7,22,234,0,0,530
570,Guadalupe Police Department,CA,SANTA BARBARA,CA0420100,13,1,0,0,1,0,30,0,0,45
571,Lompoc Police Department,CA,SANTA BARBARA,CA0420200,127,4,0,3,0,8,145,0,0,287
572,Santa Barbara Police Department,CA,SANTA BARBARA,CA0420300,315,46,0,4,12,54,348,0,0,779
573,Santa Maria Police Department,CA,SANTA BARBARA,CA0420400,N/A,N/A,N/A,N/A,N/A,N/A,N/A,N/A,N/A,N/A
574,Carpinteria Police Department,CA,SANTA BARBARA,CA0420500,26,3,0,0,0,2,30,0,0,61
575,Union Pacific Railroad: Santa Barbara County,CA,SANTA BARBARA,CA042070X,N/A,N/A,N/A,N/A,N/A,N/A,N/A,N/A,N/A,N/A
576,Solvang Police Department,CA,SANTA BARBARA,CA0421000,16,1,0,0,0,0,9,0,0,26
577,Allan Hancock College,CA,SANTA BARBARA,CA0421100,3,0,0,0,0,0,3,0,0,6
578,Buellton Police Department,CA,SANTA BARBARA,CA0421200,17,0,0,0,0,1,6,0,0,24
579,Goleta Police Department,CA,SANTA BARBARA,CA042140X,65,4,0,0,0,6,69,0,0,144
580,University of California: Santa Barbara,CA,SANTA BARBARA,CA0429700,17,0,0,0,0,1,19,0,0,37
581,Highway Patrol: Santa Barbara County,CA,SANTA BARBARA,CA0429900,5,1,2,0,0,1,2,0,0,11
582,Santa Clara County Sheriff's Office,CA,SANTA CLARA,CA0430000,245,41,0,1,9,19,259,0,0,574
583,Campbell Police Department,CA,SANTA CLARA,CA0430200,97,9,0,0,3,15,57,0,0,181
584,Cupertino Police Department,CA,SANTA CLARA,CA0430300,9,12,0,0,0,1,21,0,0,43
585,Gilroy Police Department,CA,SANTA CLARA,CA0430400,159,35,0,1,6,39,195,0,0,435
586,Los Altos Police Department,CA,SANTA CLARA,CA0430500,16,1,1,0,1,2,10,0,0,31
587,Los Altos Hills Police Department,CA,SANTA CLARA,CA0430600,1,0,0,0,0,0,0,0,0,1
588,Los Gatos Police Department,CA,SANTA CLARA,CA0430700,32,5,0,0,1,5,43,0,0,86
589,Milpitas Police Department,CA,SANTA CLARA,CA0430800,114,18,0,1,4,22,147,0,0,306
590,Monte Sereno Police Department,CA,SANTA CLARA,CA0430900,N/A,N/A,N/A,N/A,N/A,N/A,N/A,N/A,N/A,N/A
591,Morgan Hill Police Department,CA,SANTA CLARA,CA0431000,57,12,0,0,5,6,135,0,0,215
592,Mountain View Police Department,CA,SANTA CLARA,CA0431100,110,26,1,0,10,22,130,0,0,299
593,Palo Alto Police Department,CA,SANTA CLARA,CA0431200,51,15,0,1,3,12,83,0,0,165
594,San Jose Police Department,CA,SANTA CLARA,CA0431300,2024,241,7,41,76,434,1299,0,0,4122
595,Santa Clara Police Department,CA,SANTA CLARA,CA0431400,187,39,0,1,11,29,239,0,0,506
596,Saratoga Police Department,CA,SANTA CLARA,CA0431500,7,0,0,0,0,1,7,0,0,15
597,Sunnyvale Police Department,CA,SANTA CLARA,CA0431600,199,32,1,0,10,40,190,0,0,472
598,California State University: San Jose,CA,SANTA CLARA,CA0431700,8,16,0,0,0,3,36,0,0,63
599,San Jose/Evergreen Community College,CA,SANTA CLARA,CA0432000,0,1,0,0,0,0,2,0,0,3
600,West Valley-Mission College,CA,SANTA CLARA,CA043210X,1,0,0,0,0,0,0,0,0,1
601,Foothill-De Anza College,CA,SANTA CLARA,CA0432700,1,0,0,0,0,0,6,0,0,7
602,Union Pacific Railroad: Santa Clara County,CA,SANTA CLARA,CA0433600,0,0,0,0,0,0,0,0,0,0
603,Santa Clara Transit District,CA,SANTA CLARA,CA043950X,26,8,0,0,1,11,65,0,0,111
604,Highway Patrol: Santa Clara County,CA,SANTA CLARA,CA0439900,13,2,2,1,1,1,48,0,0,68
605,Santa Cruz County Sheriff's Office,CA,SANTA CRUZ,CA0440000,310,34,0,6,13,18,373,0,0,754
606,Capitola Police Department,CA,SANTA CRUZ,CA0440100,22,8,0,0,1,1,33,0,0,65
607,Santa Cruz Police Department,CA,SANTA CRUZ,CA0440200,174,19,0,2,3,32,345,0,0,575
608,Watsonville Police Department,CA,SANTA CRUZ,CA0440300,127,16,0,0,3,18,208,0,0,372
609,Scotts Valley Police Department,CA,SANTA CRUZ,CA0440400,7,2,0,0,0,0,31,0,0,40
610,Union Pacific Railroad: Santa Cruz County,CA,SANTA CRUZ,CA044060X,0,0,0,0,0,0,0,0,0,0
611,Department of Parks and Recreation: Santa Cruz Mountains,CA,SANTA CRUZ,CA0440800,2,0,0,0,0,0,15,0,0,17
612,University of California: Santa Cruz,CA,SANTA CRUZ,CA0449700,2,0,0,0,0,0,8,0,0,10
613,Highway Patrol: Santa Cruz County,CA,SANTA CRUZ,CA0449900,3,3,2,0,0,0,5,0,0,13
614,Shasta County Sheriff's Office,CA,SHASTA,CA0450000,0,0,0,0,0,1,18,0,0,19
615,Anderson Police Department,CA,SHASTA,CA0450100,35,2,0,1,3,6,49,0,0,96
616,Redding Police Department,CA,SHASTA,CA0450200,431,41,0,5,8,72,373,0,0,930
617,Union Pacific Railroad: Shasta County,CA,SHASTA,CA045030X,N/A,N/A,N/A,N/A,N/A,N/A,N/A,N/A,N/A,N/A
618,Shasta County Marshal,CA,SHASTA,CA0459100,2,0,0,0,0,0,3,0,0,5
619,Highway Patrol: Shasta County,CA,SHASTA,CA0459900,4,0,3,1,0,0,8,0,0,16
620,Sierra County Sheriff's Office,CA,SIERRA,CA0460000,12,3,0,0,0,0,5,0,0,20
621,Union Pacific Railroad: Sierra County,CA,SIERRA,CA046020X,N/A,N/A,N/A,N/A,N/A,N/A,N/A,N/A,N/A,N/A
622,Highway Patrol: Sierra County,CA,SIERRA,CA0469900,0,0,1,0,0,0,0,0,0,1
623,Siskiyou County Sheriff's Office,CA,SISKIYOU,CA0470000,94,6,0,2,2,4,65,0,0,173
624,Dorris Police Department,CA,SISKIYOU,CA0470100,0,0,0,0,0,0,1,0,0,1
625,Dunsmuir Police Department,CA,SISKIYOU,CA0470200,0,0,0,0,0,0,1,0,0,1
626,Etna Police Department,CA,SISKIYOU,CA0470300,N/A,N/A,N/A,N/A,N/A,N/A,N/A,N/A,N/A,N/A
627,Fort Jones Police Department,CA,SISKIYOU,CA0470400,1,0,0,0,0,0,1,0,0,2
628,Montague Police Department,CA,SISKIYOU,CA0470500,0,0,0,0,0,0,1,0,0,1
629,Mount Shasta Police Department,CA,SISKIYOU,CA0470600,9,1,0,1,0,0,16,0,0,27
630,Tulelake Police Department,CA,SISKIYOU,CA0470700,0,0,0,0,0,0,0,0,0,0
631,Weed Police Department,CA,SISKIYOU,CA0470800,9,1,0,0,2,1,25,0,0,38
632,Yreka Police Department,CA,SISKIYOU,CA0470900,27,2,0,0,0,1,52,0,0,82
633,Lake Shastina Police Department,CA,SISKIYOU,CA0471000,4,0,0,0,0,0,2,0,0,6
634,Union Pacific Railroad: Siskiyou County,CA,SISKIYOU,CA0471600,N/A,N/A,N/A,N/A,N/A,N/A,N/A,N/A,N/A,N/A
635,Highway Patrol: Siskiyou County,CA,SISKIYOU,CA0479900,3,1,0,0,0,0,4,0,0,8
636,Solano County Sheriff's Office,CA,SOLANO,CA0480000,70,6,0,0,2,6,63,0,0,147
637,Benicia Police Department,CA,SOLANO,CA0480100,21,5,0,0,0,5,73,0,0,104
638,Dixon Police Department,CA,SOLANO,CA0480200,36,4,0,0,2,4,29,0,0,75
639,Fairfield Police Department,CA,SOLANO,CA0480300,373,30,1,4,4,74,516,0,0,1002
640,Rio Vista Police Department,CA,SOLANO,CA0480400,19,0,0,0,0,3,18,0,0,40
641,Suisun City Police Department,CA,SOLANO,CA0480500,67,6,0,0,1,6,70,0,0,150
642,Vacaville Police Department,CA,SOLANO,CA0480600,200,26,0,3,2,60,227,0,0,518
643,Vallejo Police Department,CA,SOLANO,CA0480700,229,21,1,7,5,52,245,0,0,560
644,Union Pacific Railroad: Solano County,CA,SOLANO,CA048080X,N/A,N/A,N/A,N/A,N/A,N/A,N/A,N/A,N/A,N/A
645,Highway Patrol: Solano County,CA,SOLANO,CA0489900,8,0,1,0,0,2,22,0,0,33
646,Sonoma County Sheriff's Office,CA,SONOMA,CA0490000,346,28,0,0,11,28,307,0,0,720
647,Cloverdale Police Department,CA,SONOMA,CA0490100,22,2,0,0,0,0,14,0,0,38
648,Cotati Police Department,CA,SONOMA,CA0490200,19,0,0,1,0,1,39,0,0,60
649,Healdsburg Police Department,CA,SONOMA,CA0490300,15,4,0,3,0,2,29,0,0,53
650,Rohnert Park Police Department,CA,SONOMA,CA0490400,173,11,0,0,5,13,160,0,0,362
651,Santa Rosa Police Department,CA,SONOMA,CA0490500,561,58,2,3,14,69,455,0,0,1162
652,Sebastopol Police Department,CA,SONOMA,CA0490600,21,4,0,0,2,4,49,0,0,80
653,Sonoma Police Department,CA,SONOMA,CA0490700,26,5,0,0,0,1,38,0,0,70
654,Petaluma Police Department,CA,SONOMA,CA0490800,105,11,0,0,3,13,134,0,0,266
655,Sonoma State University,CA,SONOMA,CA0490900,0,0,0,0,0,0,5,0,0,5
656,Union Pacific Railroad: Sonoma County,CA,SONOMA,CA049100X,N/A,N/A,N/A,N/A,N/A,N/A,N/A,N/A,N/A,N/A
657,Department of Parks and Recreation: Silverado,CA,SONOMA,CA0491100,0,0,0,0,0,0,0,0,0,0
658,Department of Parks and Recreation: Russian River,CA,SONOMA,CA0491200,1,0,0,0,0,1,4,0,0,6
659,Santa Rosa Junior College,CA,SONOMA,CA0491400,0,1,0,0,0,0,4,0,0,5
660,Windsor Police Department,CA,SONOMA,CA049150X,41,5,0,0,2,3,61,0,0,112
661,Highway Patrol: Sonoma County,CA,SONOMA,CA0499900,5,3,1,2,0,0,13,0,0,24
662,Stanislaus County Sheriff's Office,CA,STANISLAUS,CA0500000,479,32,0,11,8,42,337,0,0,909
663,Ceres Police Department,CA,STANISLAUS,CA0500100,140,13,0,2,2,26,117,0,0,300
664,Modesto Police Department,CA,STANISLAUS,CA0500200,848,60,1,15,22,137,788,0,0,1871
665,Newman Police Department,CA,STANISLAUS,CA0500300,24,3,0,0,0,3,19,0,0,49
666,Oakdale Police Department,CA,STANISLAUS,CA0500400,64,4,0,1,0,4,77,0,0,150
667,Patterson Police Department,CA,STANISLAUS,CA0500500,80,15,0,0,2,7,72,0,0,176
668,Riverbank Police Department,CA,STANISLAUS,CA0500600,63,3,2,1,2,4,47,0,0,122
669,Turlock Police Department,CA,STANISLAUS,CA0500700,222,29,0,2,11,46,256,0,0,566
670,Waterford Police Department,CA,STANISLAUS,CA0500800,30,1,0,1,2,5,23,0,0,62
671,Hughson Police Department,CA,STANISLAUS,CA0500900,17,1,0,0,1,2,12,0,0,33
672,California State University: Stanislaus,CA,STANISLAUS,CA0501000,0,0,0,0,0,0,4,0,0,4
673,Union Pacific Railroad: Stanislaus County,CA,STANISLAUS,CA050120X,0,0,0,0,0,0,0,0,0,0
674,Highway Patrol: Stanislaus County,CA,STANISLAUS,CA0509900,11,1,5,0,0,4,17,0,0,38
675,Sutter County Sheriff's Office,CA,SUTTER,CA0510000,98,9,0,2,2,18,71,0,0,200
676,Yuba City Police Department,CA,SUTTER,CA0510200,250,16,0,2,6,25,232,0,0,531
677,Union Pacific Railroad: Sutter County,CA,SUTTER,CA051040X,N/A,N/A,N/A,N/A,N/A,N/A,N/A,N/A,N/A,N/A
678,Highway Patrol: Sutter County,CA,SUTTER,CA0519900,0,1,1,0,0,0,1,0,0,3
679,Tehama County Sheriff's Office,CA,TEHAMA,CA0520000,68,4,0,1,0,4,65,0,0,142
680,Corning Police Department,CA,TEHAMA,CA0520100,12,5,0,0,0,4,46,0,0,67
681,Red Bluff Police Department,CA,TEHAMA,CA0520200,82,19,0,1,0,6,148,0,0,256
682,Union Pacific Railroad: Tehama County,CA,TEHAMA,CA052040X,N/A,N/A,N/A,N/A,N/A,N/A,N/A,N/A,N/A,N/A
683,Highway Patrol: Tehama County,CA,TEHAMA,CA0529900,1,0,0,1,0,0,4,0,0,6
684,Trinity County Sheriff's Office,CA,TRINITY,CA0530000,21,4,1,3,0,1,22,0,0,52
685,Union Pacific Railroad: Trinity County,CA,TRINITY,CA053010X,N/A,N/A,N/A,N/A,N/A,N/A,N/A,N/A,N/A,N/A
686,Highway Patrol: Trinity County,CA,TRINITY,CA0539900,3,0,1,0,0,0,2,0,0,6
687,Tulare County Sheriff's Office,CA,TULARE,CA0540000,591,59,3,15,16,31,463,0,0,1178
688,Dinuba Police Department,CA,TULARE,CA0540100,103,12,0,1,2,17,126,0,0,261
689,Exeter Police Department,CA,TULARE,CA0540200,53,5,0,0,1,1,32,0,0,92
690,Farmersville Police Department,CA,TULARE,CA0540300,45,1,0,0,1,3,26,0,0,76
691,Lindsay Police Department,CA,TULARE,CA0540400,29,4,0,0,1,12,40,0,0,86
692,Porterville Police Department,CA,TULARE,CA0540500,300,32,0,4,8,26,229,0,0,599
693,Tulare Police Department,CA,TULARE,CA0540600,292,20,0,13,9,40,351,0,0,725
694,Visalia Police Department,CA,TULARE,CA0540700,441,27,0,5,13,56,335,0,0,877
695,Woodlake Police Department,CA,TULARE,CA0540800,45,5,0,0,2,5,24,0,0,81
696,Union Pacific Railroad: Tulare County,CA,TULARE,CA054100X,N/A,N/A,N/A,N/A,N/A,N/A,N/A,N/A,N/A,N/A
697,College of the Sequoias,CA,TULARE,CA0541100,1,1,0,0,0,0,1,0,0,3
698,Highway Patrol: Tulare County,CA,TULARE,CA0549900,9,0,4,1,0,0,13,0,0,27
699,Tuolumne County Sheriff's Office,CA,TUOLUMNE,CA0550000,131,15,0,3,5,1,144,0,0,299
700,Sonora Police Department,CA,TUOLUMNE,CA0550100,39,3,0,0,0,4,58,0,0,104
701,Highway Patrol: Tuolumne County,CA,TUOLUMNE,CA0559900,4,0,2,0,0,0,7,0,0,13
702,Ventura County Sheriff's Office,CA,VENTURA,CA0560000,313,33,0,4,7,36,318,0,0,711
703,Camarillo Police Department,CA,VENTURA,CA0560100,115,11,0,0,0,12,179,0,0,317
704,Fillmore Police Department,CA,VENTURA,CA0560200,64,8,1,0,0,5,80,0,0,158
705,Ojai Police Department,CA,VENTURA,CA0560300,26,0,0,0,2,0,29,0,0,57
706,Oxnard Police Department,CA,VENTURA,CA0560400,417,52,0,12,3,82,708,0,0,1274
707,Port Hueneme Police Department,CA,VENTURA,CA0560500,24,9,0,0,1,4,60,0,0,98
708,Santa Paula Police Department,CA,VENTURA,CA0560600,80,4,1,3,0,10,141,0,0,239
709,Thousand Oaks Police Department,CA,VENTURA,CA0560700,187,20,1,0,3,18,194,0,0,423
710,Ventura Police Department,CA,VENTURA,CA0560800,338,40,0,1,9,58,473,0,0,919
711,Simi Valley Police Department,CA,VENTURA,CA0560900,112,16,0,1,2,26,190,0,0,347
712,Department of Parks and Recreation: Angeles,CA,VENTURA,CA0561300,1,1,0,0,0,0,0,0,0,2
713,Moorpark Police Department,CA,VENTURA,CA056140X,58,3,0,0,0,6,59,0,0,126
714,Department of Parks and Recreation: Channel Coast,CA,VENTURA,CA0561500,3,5,0,1,0,0,15,0,0,24
715,Department of Parks and Recreation: Hungry Valley,CA,VENTURA,CA0561700,2,0,0,0,0,0,1,0,0,3
716,Union Pacific Railroad: Ventura County,CA,VENTURA,CA0562100,N/A,N/A,N/A,N/A,N/A,N/A,N/A,N/A,N/A,N/A
717,California State University: Channel Islands,CA,VENTURA,CA0562200,0,0,0,0,0,0,4,0,0,4
718,Ventura County Community College District,CA,VENTURA,CA056800X,1,0,0,0,0,0,3,0,0,4
719,Highway Patrol: Ventura County,CA,VENTURA,CA0569900,7,0,3,0,0,0,16,0,0,26
720,Yolo County Sheriff's Office,CA,YOLO,CA0570000,67,8,2,0,3,8,56,0,0,144
721,Davis Police Department,CA,YOLO,CA0570100,56,5,0,0,0,12,32,0,0,105
722,Winters Police Department,CA,YOLO,CA0570200,18,0,0,0,1,0,14,0,0,33
723,Woodland Police Department,CA,YOLO,CA0570300,139,15,1,1,4,16,160,0,0,336
724,West Sacramento Police Department,CA,YOLO,CA0570400,173,11,1,1,3,37,132,0,0,358
725,Union Pacific Railroad: Yolo County,CA,YOLO,CA057050X,N/A,N/A,N/A,N/A,N/A,N/A,N/A,N/A,N/A,N/A
726,University of California: Davis,CA,YOLO,CA0579700,0,1,0,0,0,0,8,0,0,9
727,Highway Patrol: Yolo County,CA,YOLO,CA0579900,4,2,1,0,0,0,9,0,0,16
728,Yuba County Sheriff's Office,CA,YUBA,CA0580000,237,20,2,7,5,16,93,0,0,380
729,Marysville Police Department,CA,YUBA,CA0580100,75,6,0,2,3,6,68,0,0,160
730,Wheatland Police Department,CA,YUBA,CA0580200,11,1,0,0,0,0,10,0,0,22
731,Union Pacific Railroad: Yuba County,CA,YUBA,CA058030X,0,0,0,0,0,0,0,0,0,0
732,Highway Patrol: Yuba County,CA,YUBA,CA0589900,1,3,0,0,0,0,4,0,0,8
733,Blue Lake Tribal,CA,,CADI03900,N/A,N/A,N/A,N/A,N/A,N/A,N/A,N/A,N/A,N/A
734,La Jolla Tribal,CA,,CADI0990X,2,0,0,0,0,1,0,0,0,3
735,Tule River Tribal,CA,,CADIT0000,N/A,N/A,N/A,N/A,N/A,N/A,N/A,N/A,N/A,N/A
736,Yurok Tribal,CA,,CADIT0200,0,0,0,0,0,0,0,0,0,0
737,Sycuan Tribal,CA,,CADIT0400,17,1,0,0,0,0,10,0,0,28
738,Los Coyotes Tribal,CA,,CADIT0500,N/A,N/A,N/A,N/A,N/A,N/A,N/A,N/A,N/A,N/A
739,Hoopa Valley Tribal,CA,,CADIT0800,6,0,0,0,0,0,0,0,0,6
740,Coyote Valley Tribal,CA,,CADIT0900,N/A,N/A,N/A,N/A,N/A,N/A,N/A,N/A,N/A,N/A
741,Table Mountain Rancheria,CA,,CADIT1100,N/A,N/A,N/A,N/A,N/A,N/A,N/A,N/A,N/A,N/A
742,San Pasqual Band of Mission Indians Tribal,CA,,CADIT1400,N/A,N/A,N/A,N/A,N/A,N/A,N/A,N/A,N/A,N/A
